attack_strategy,topology,lcc_mean,lcc_ci,eff_mean,eff_ci,wsurv_mean,wsurv_ci
cascading,full_mesh,0.831250,0.046277,1.000000,0.000000,0.831250,0.046277
cascading,ring,0.778150,0.072390,1.023752,0.038325,0.790150,0.064762
cascading,star,0.470600,0.166971,0.433063,0.197098,0.807700,0.068943
random,full_mesh,0.791400,0.058480,1.000000,0.000000,0.791400,0.058480
random,ring,0.704850,0.094805,0.822338,0.100735,0.820300,0.055517
random,star,0.725400,0.134183,0.886786,0.176034,0.805650,0.068450
targeted,full_mesh,0.797600,0.072222,1.000000,0.000000,0.797600,0.072222
targeted,ring,0.642550,0.092911,0.794870,0.073570,0.781500,0.052417
targeted,star,0.331950,0.123408,0.283624,0.141403,0.812250,0.047002
