attack_strategy,topology,lcc_mean,lcc_ci,eff_mean,eff_ci,wsurv_mean,wsurv_ci
cascading,full_mesh,0.709043,0.017177,0.968600,0.011116,0.719955,0.018733
cascading,ring,0.704318,0.018494,1.267961,0.029840,0.738793,0.032989
cascading,star,0.158699,0.013294,0.147813,0.013785,0.655834,0.016147
random,full_mesh,0.702706,0.016724,0.966000,0.010814,0.716067,0.017218
random,ring,0.360654,0.015718,0.541582,0.015291,0.699047,0.017081
random,star,0.592022,0.030300,0.733131,0.046251,0.723016,0.018448
targeted,full_mesh,0.711862,0.016894,0.965700,0.011163,0.721848,0.017641
targeted,ring,0.375558,0.016957,0.563368,0.016047,0.713238,0.018205
targeted,star,0.132502,0.010446,0.120281,0.010835,0.656155,0.017468
