x_value,full_mesh_lcc_mean,full_mesh_lcc_ci,full_mesh_eff_mean,full_mesh_eff_ci,full_mesh_wsurv_mean,full_mesh_wsurv_ci,ring_lcc_mean,ring_lcc_ci,ring_eff_mean,ring_eff_ci,ring_wsurv_mean,ring_wsurv_ci,star_lcc_mean,star_lcc_ci,star_eff_mean,star_eff_ci,star_wsurv_mean,star_wsurv_ci
50.000000,0.520361,0.028421,0.721333,0.035131,0.534019,0.031656,0.285756,0.031509,0.426589,0.039276,0.497815,0.039439,0.136800,0.025766,0.124289,0.026565,0.466430,0.033421
185.714286,0.883400,0.006738,1.000000,0.000000,0.899109,0.007818,0.597389,0.022519,0.736380,0.014186,0.897844,0.007179,0.280644,0.021879,0.279173,0.024021,0.841417,0.009077
321.428571,0.880144,0.006613,1.000000,0.000000,0.885198,0.008873,0.573456,0.025566,0.720060,0.015148,0.893237,0.009760,0.268494,0.021409,0.264199,0.023210,0.847252,0.007080
457.142857,0.891578,0.007400,1.000000,0.000000,0.896957,0.009439,0.580839,0.026105,0.724315,0.016671,0.890385,0.011136,0.260022,0.019774,0.256071,0.022099,0.844674,0.007830
592.857143,0.885244,0.007493,1.000000,0.000000,0.894413,0.009171,0.600867,0.025493,0.738259,0.015751,0.897511,0.009083,0.262606,0.024904,0.257833,0.026731,0.844444,0.011393
728.571429,0.885544,0.009483,1.000000,0.000000,0.902031,0.010812,0.577500,0.023365,0.724459,0.014073,0.897993,0.008970,0.277811,0.024716,0.274754,0.026382,0.842526,0.009558
864.285714,0.886989,0.007317,1.000000,0.000000,0.900883,0.008438,0.570222,0.022333,0.718884,0.014616,0.897239,0.009342,0.248994,0.023732,0.242248,0.026232,0.844911,0.007279
1000.000000,0.884456,0.006302,1.000000,0.000000,0.895576,0.008948,0.600744,0.024730,0.738665,0.014499,0.898513,0.008829,0.248044,0.021141,0.241775,0.023073,0.836793,0.007554
