x_value,full_mesh_lcc_mean,full_mesh_lcc_ci,full_mesh_eff_mean,full_mesh_eff_ci,full_mesh_wsurv_mean,full_mesh_wsurv_ci,ring_lcc_mean,ring_lcc_ci,ring_eff_mean,ring_eff_ci,ring_wsurv_mean,ring_wsurv_ci,star_lcc_mean,star_lcc_ci,star_eff_mean,star_eff_ci,star_wsurv_mean,star_wsurv_ci
50.000000,0.850100,0.038059,1.000000,0.000000,0.850100,0.038059,0.694650,0.090549,0.825808,0.083804,0.813250,0.036929,0.320000,0.103994,0.255639,0.122271,0.832300,0.073719
185.714286,0.841050,0.068271,1.000000,0.000000,0.841050,0.068271,0.650400,0.104565,0.825132,0.071637,0.773400,0.072757,0.381650,0.087916,0.355234,0.116855,0.792650,0.057625
321.428571,0.839300,0.109225,0.999500,0.001131,0.839300,0.109225,0.711900,0.098241,0.822349,0.079946,0.825400,0.061407,0.420350,0.131215,0.361938,0.146197,0.832400,0.063582
457.142857,0.837550,0.043398,1.000000,0.000000,0.837550,0.043398,0.787350,0.094679,0.874184,0.058090,0.867400,0.053198,0.321100,0.104299,0.297156,0.143825,0.759950,0.066133
592.857143,0.835800,0.063689,1.000000,0.000000,0.835800,0.063689,0.717650,0.069168,0.826407,0.054758,0.844200,0.037693,0.433550,0.144501,0.391618,0.179447,0.812050,0.070335
728.571429,0.779150,0.053962,1.000000,0.000000,0.779150,0.053962,0.790300,0.094053,0.879236,0.064279,0.861300,0.048942,0.390400,0.105824,0.354608,0.121018,0.828650,0.069143
864.285714,0.851650,0.065692,1.000000,0.000000,0.851650,0.065692,0.768500,0.105600,0.853295,0.071568,0.862300,0.049043,0.418050,0.139769,0.385243,0.165863,0.849100,0.041748
1000.000000,0.734550,0.093345,0.999500,0.001131,0.734550,0.093345,0.764700,0.133598,0.854703,0.103845,0.843650,0.084068,0.370800,0.105120,0.328807,0.127636,0.814200,0.066707
