x_value,full_mesh_lcc_mean,full_mesh_lcc_ci,full_mesh_eff_mean,full_mesh_eff_ci,full_mesh_wsurv_mean,full_mesh_wsurv_ci,ring_lcc_mean,ring_lcc_ci,ring_eff_mean,ring_eff_ci,ring_wsurv_mean,ring_wsurv_ci,star_lcc_mean,star_lcc_ci,star_eff_mean,star_eff_ci,star_wsurv_mean,star_wsurv_ci
0.300000,0.924050,0.032814,1.000000,0.000000,0.924050,0.032814,0.850600,0.112341,0.925562,0.064014,0.894200,0.072747,0.473650,0.118125,0.423269,0.131844,0.900450,0.035700
0.392857,0.876100,0.064403,1.000000,0.000000,0.876100,0.064403,0.860700,0.063881,0.922462,0.043930,0.903350,0.040024,0.500250,0.148824,0.474282,0.176692,0.881400,0.039211
0.485714,0.819950,0.073906,1.000000,0.000000,0.819950,0.073906,0.759850,0.102026,0.844776,0.066206,0.865250,0.058879,0.452400,0.146322,0.421747,0.175244,0.835500,0.068372
0.578571,0.824700,0.029901,1.000000,0.000000,0.824700,0.029901,0.675350,0.136667,0.805084,0.098784,0.784050,0.085278,0.355900,0.106288,0.314319,0.129546,0.832600,0.065241
0.671429,0.759850,0.076851,1.000000,0.000000,0.759850,0.076851,0.623800,0.090087,0.808463,0.097743,0.741600,0.047612,0.371500,0.125379,0.322264,0.142495,0.808450,0.066694
0.764286,0.771650,0.086356,1.000000,0.000000,0.771650,0.086356,0.591500,0.077401,0.729445,0.056478,0.754400,0.057605,0.290800,0.116554,0.249748,0.124340,0.730800,0.090080
0.857143,0.716150,0.109182,0.968500,0.071253,0.716150,0.109182,0.572900,0.123830,0.738857,0.113737,0.702900,0.092905,0.243650,0.083935,0.194949,0.101914,0.688400,0.099219
0.950000,0.696250,0.102773,0.992500,0.016965,0.696250,0.102773,0.548500,0.096034,0.695826,0.111059,0.666600,0.074158,0.268800,0.090539,0.199171,0.106944,0.721600,0.113068
