x_value,full_mesh_lcc_mean,full_mesh_lcc_ci,full_mesh_eff_mean,full_mesh_eff_ci,full_mesh_wsurv_mean,full_mesh_wsurv_ci,ring_lcc_mean,ring_lcc_ci,ring_eff_mean,ring_eff_ci,ring_wsurv_mean,ring_wsurv_ci,star_lcc_mean,star_lcc_ci,star_eff_mean,star_eff_ci,star_wsurv_mean,star_wsurv_ci
0.050000,0.465994,0.030255,0.786667,0.036060,0.482865,0.034354,0.202967,0.021927,0.391687,0.032603,0.487726,0.039964,0.068900,0.010771,0.057570,0.013004,0.434476,0.025759
0.157143,0.558139,0.031472,0.782167,0.035246,0.564474,0.032740,0.314583,0.035648,0.459530,0.033384,0.551891,0.038326,0.122244,0.015798,0.109650,0.016478,0.510898,0.032751
0.264286,0.575039,0.039227,0.780167,0.042248,0.582061,0.039281,0.377744,0.029965,0.505915,0.033475,0.602785,0.033689,0.153861,0.021824,0.140110,0.022868,0.524211,0.030402
0.371429,0.582839,0.033958,0.783500,0.037969,0.585061,0.034732,0.384489,0.033952,0.502074,0.038327,0.565665,0.034571,0.188039,0.028284,0.174022,0.028772,0.532307,0.036785
0.478571,0.590406,0.045905,0.779667,0.046281,0.595869,0.047514,0.436789,0.038533,0.536396,0.042958,0.600248,0.034262,0.169122,0.019911,0.155638,0.019883,0.479780,0.025254
0.585714,0.622161,0.029930,0.806167,0.034696,0.624674,0.031617,0.455950,0.041423,0.572121,0.040228,0.615822,0.040856,0.202900,0.023580,0.188919,0.023523,0.508850,0.031733
0.692857,0.609683,0.033490,0.789000,0.037299,0.612963,0.035394,0.472822,0.037074,0.558787,0.040889,0.626139,0.036680,0.213989,0.029339,0.200560,0.029665,0.504885,0.037291
0.800000,0.632372,0.034493,0.814333,0.037701,0.636380,0.036896,0.469478,0.036805,0.584659,0.047877,0.619439,0.041248,0.210556,0.027815,0.196376,0.028079,0.503811,0.029685
