x_value,full_mesh_lcc_mean,full_mesh_lcc_ci,full_mesh_eff_mean,full_mesh_eff_ci,full_mesh_wsurv_mean,full_mesh_wsurv_ci,ring_lcc_mean,ring_lcc_ci,ring_eff_mean,ring_eff_ci,ring_wsurv_mean,ring_wsurv_ci,star_lcc_mean,star_lcc_ci,star_eff_mean,star_eff_ci,star_wsurv_mean,star_wsurv_ci
0.500000,0.870933,0.024690,1.000000,0.000000,0.874669,0.026971,0.641639,0.043182,0.755156,0.027869,0.875983,0.026393,0.261972,0.037497,0.244306,0.039480,0.786224,0.031321
1.142857,0.356450,0.026593,0.520500,0.028415,0.362911,0.027751,0.198072,0.021672,0.315530,0.029757,0.377039,0.028261,0.082656,0.010942,0.074568,0.011725,0.359602,0.022922
1.785714,0.233794,0.017329,0.367833,0.019299,0.240804,0.017799,0.097567,0.010559,0.177591,0.015105,0.225369,0.020778,0.037011,0.005197,0.034377,0.006989,0.193900,0.010445
2.428571,0.131789,0.012635,0.255833,0.014378,0.135891,0.012567,0.064706,0.005741,0.123987,0.010854,0.149207,0.015405,0.028967,0.004303,0.027165,0.005197,0.131211,0.013260
3.071429,0.085761,0.008972,0.177333,0.014232,0.088350,0.009340,0.041678,0.003049,0.091345,0.009114,0.096744,0.010694,0.020289,0.002795,0.021214,0.004726,0.088880,0.007161
3.714286,0.066689,0.005033,0.137500,0.009541,0.070133,0.005709,0.033856,0.002870,0.070661,0.008847,0.075439,0.007180,0.018317,0.002162,0.018859,0.003831,0.065078,0.005539
4.357143,0.056778,0.004332,0.115000,0.008349,0.060052,0.004851,0.028667,0.002693,0.047698,0.005687,0.056859,0.004429,0.016956,0.002043,0.016210,0.003723,0.058654,0.005655
5.000000,0.047067,0.003154,0.091667,0.007211,0.048787,0.003570,0.025267,0.001835,0.041990,0.004120,0.049802,0.004386,0.013639,0.001079,0.009150,0.001858,0.045365,0.003498
