x_value,full_mesh_lcc_mean,full_mesh_lcc_ci,full_mesh_eff_mean,full_mesh_eff_ci,full_mesh_wsurv_mean,full_mesh_wsurv_ci,ring_lcc_mean,ring_lcc_ci,ring_eff_mean,ring_eff_ci,ring_wsurv_mean,ring_wsurv_ci,star_lcc_mean,star_lcc_ci,star_eff_mean,star_eff_ci,star_wsurv_mean,star_wsurv_ci
0.500000,0.916350,0.032073,1.000000,0.000000,0.916350,0.032073,0.819050,0.120950,0.895031,0.070169,0.885900,0.066067,0.500600,0.211589,0.456095,0.239760,0.892400,0.058349
1.142857,0.789950,0.081552,1.000000,0.000000,0.789950,0.081552,0.678150,0.090415,0.803990,0.058315,0.792900,0.061059,0.335500,0.128729,0.289076,0.145128,0.782850,0.066570
1.785714,0.655700,0.091113,0.972000,0.063336,0.655700,0.091113,0.539000,0.075520,0.751689,0.070140,0.677050,0.067759,0.260300,0.112287,0.207881,0.120012,0.609000,0.109851
2.428571,0.565800,0.073082,0.918000,0.051172,0.565800,0.073082,0.408950,0.080382,0.574882,0.093175,0.550750,0.081790,0.238850,0.080724,0.208438,0.122761,0.581650,0.100591
3.071429,0.397450,0.087449,0.715500,0.122307,0.397450,0.087449,0.404750,0.068968,0.562874,0.092868,0.563350,0.069154,0.183300,0.044312,0.152455,0.060266,0.462100,0.110796
3.714286,0.352700,0.047821,0.646000,0.102801,0.352700,0.047821,0.247650,0.083183,0.394891,0.123273,0.343250,0.091392,0.133050,0.040691,0.086347,0.060767,0.347250,0.061258
4.357143,0.330900,0.071315,0.649000,0.143753,0.330900,0.071315,0.256950,0.052319,0.387565,0.112089,0.328850,0.074091,0.129850,0.025423,0.079481,0.026792,0.311700,0.077069
5.000000,0.321950,0.061053,0.616500,0.125344,0.321950,0.061053,0.204750,0.048774,0.305833,0.101413,0.281100,0.058264,0.104750,0.023002,0.085611,0.052205,0.238300,0.033842
