x_value,full_mesh_lcc_mean,full_mesh_lcc_ci,full_mesh_eff_mean,full_mesh_eff_ci,full_mesh_wsurv_mean,full_mesh_wsurv_ci,ring_lcc_mean,ring_lcc_ci,ring_eff_mean,ring_eff_ci,ring_wsurv_mean,ring_wsurv_ci,star_lcc_mean,star_lcc_ci,star_eff_mean,star_eff_ci,star_wsurv_mean,star_wsurv_ci
0.050000,0.767550,0.069288,1.000000,0.000000,0.767550,0.069288,0.638700,0.148861,0.729499,0.120761,0.779350,0.086100,0.296000,0.097444,0.249185,0.122990,0.726250,0.063763
0.157143,0.727500,0.074950,1.000000,0.000000,0.727500,0.074950,0.727900,0.125658,0.856178,0.100498,0.823600,0.071331,0.405550,0.110364,0.360172,0.118549,0.860750,0.064235
0.264286,0.817550,0.072449,1.000000,0.000000,0.817550,0.072449,0.737200,0.108157,0.839980,0.079992,0.837850,0.067373,0.255300,0.056378,0.182656,0.062035,0.788950,0.044609
0.371429,0.866250,0.073552,1.000000,0.000000,0.866250,0.073552,0.732450,0.095399,0.827089,0.061853,0.833450,0.052751,0.403000,0.099081,0.348333,0.109027,0.837600,0.061275
0.478571,0.913850,0.055306,1.000000,0.000000,0.913850,0.055306,0.737900,0.089917,0.833766,0.065681,0.843950,0.047132,0.480550,0.093927,0.441439,0.111808,0.863400,0.039650
0.585714,0.938700,0.033698,1.000000,0.000000,0.938700,0.033698,0.868900,0.066731,0.926905,0.042645,0.911450,0.032740,0.461350,0.105996,0.437054,0.117812,0.864850,0.052271
0.692857,0.945800,0.032157,1.000000,0.000000,0.945800,0.032157,0.876850,0.049766,0.922327,0.030515,0.921900,0.024472,0.668350,0.130484,0.636752,0.143202,0.944900,0.030565
0.800000,0.910100,0.029876,1.000000,0.000000,0.910100,0.029876,0.874000,0.061065,0.925770,0.035922,0.912000,0.037677,0.613800,0.112011,0.584074,0.119018,0.916050,0.049378
