x_value,full_mesh_lcc_mean,full_mesh_lcc_ci,full_mesh_eff_mean,full_mesh_eff_ci,full_mesh_wsurv_mean,full_mesh_wsurv_ci,ring_lcc_mean,ring_lcc_ci,ring_eff_mean,ring_eff_ci,ring_wsurv_mean,ring_wsurv_ci,star_lcc_mean,star_lcc_ci,star_eff_mean,star_eff_ci,star_wsurv_mean,star_wsurv_ci
0.300000,0.913378,0.020992,1.000000,0.000000,0.922204,0.023029,0.742428,0.035454,0.821544,0.022217,0.926478,0.016342,0.317022,0.040725,0.300246,0.041979,0.837613,0.031114
0.392857,0.799756,0.035787,0.987667,0.011262,0.810783,0.037059,0.538978,0.037337,0.686415,0.028108,0.806846,0.030466,0.231600,0.025114,0.213486,0.026416,0.751769,0.029997
0.485714,0.721750,0.029910,0.937000,0.027299,0.736817,0.033948,0.445000,0.036288,0.599504,0.034542,0.708309,0.034633,0.165322,0.022780,0.147665,0.023653,0.609696,0.041762
0.578571,0.589583,0.034604,0.815667,0.041291,0.609650,0.037347,0.370294,0.029547,0.509307,0.031547,0.619730,0.032702,0.136694,0.019465,0.124417,0.020076,0.509439,0.031627
0.671429,0.509611,0.031420,0.709000,0.033942,0.519522,0.034592,0.313450,0.031424,0.446866,0.039094,0.538080,0.040718,0.112589,0.014252,0.101185,0.014779,0.452511,0.030438
0.764286,0.443161,0.026377,0.623167,0.032477,0.443669,0.029654,0.211506,0.024289,0.329648,0.033339,0.399811,0.033310,0.096444,0.013302,0.087911,0.014626,0.393054,0.021847
0.857143,0.391172,0.025308,0.556833,0.030080,0.401939,0.026115,0.211339,0.016465,0.318216,0.020600,0.399689,0.024615,0.080100,0.010703,0.071403,0.011380,0.369848,0.022911
0.950000,0.360022,0.022240,0.516667,0.025367,0.361885,0.021782,0.197278,0.020265,0.304192,0.024026,0.366157,0.019403,0.072150,0.009665,0.062954,0.010808,0.344824,0.023386
