topology,lcc_mean,lcc_ci,eff_mean,eff_ci,wsurv_mean,wsurv_ci
full_mesh,0.630778,0.015901,0.874850,0.017991,0.641931,0.016267
ring,0.353536,0.015172,0.517111,0.015704,0.643682,0.018019
star,0.127187,0.009117,0.117334,0.009276,0.577511,0.017446
