topology,lcc_mean,lcc_ci,eff_mean,eff_ci,wsurv_mean,wsurv_ci
full_mesh,0.784033,0.022253,1.000000,0.000000,0.792232,0.022953
ring,0.451263,0.037496,0.616696,0.033320,0.760894,0.036706
star,0.194927,0.027809,0.182827,0.028651,0.751062,0.031735
