topology,lcc_mean,lcc_ci,eff_mean,eff_ci,wsurv_mean,wsurv_ci
full_mesh,0.755043,0.028986,0.993000,0.006926,0.770890,0.033348
ring,0.458100,0.027963,0.631834,0.017856,0.760784,0.028516
star,0.176767,0.025743,0.163280,0.026553,0.701893,0.034410
